课程名称,课程类别,课程形式,课程编号,课程时长,URL,施工活动,
支架搭拆作业要点卡,作业要点类课程,3D动画,GFA.1.1,02:42,https://www.zhkjdream.com/app/course/detail/157876013_157816266,支架搭拆施工,
模板安拆作业要点卡,作业要点类课程,3D动画,GFA.1.2,03:38,https://www.zhkjdream.com/app/course/detail/157876015_157816264,模板安拆施工,
混凝土施工作业要点卡,作业要点类课程,3D动画,GFA.1.3,03:52,https://www.zhkjdream.com/app/course/detail/157876014_157816265,混凝土浇捣施工,
钢筋制安作业要点卡,作业要点类课程,3D动画,GFA.1.4,03:59,https://www.zhkjdream.com/app/course/detail/157876016_157816263,钢筋制安施工,
脚手架搭拆作业要点卡,作业要点类课程,3D动画,GFA.1.5,02:53,https://www.zhkjdream.com/app/course/detail/157868158_157824121,脚手架搭拆施工,
基坑开挖作业要点卡,作业要点类课程,3D动画,GFA.1.6,03:15,https://www.zhkjdream.com/app/course/detail/157868118_157824161,基坑开挖施工,
预应力筋制安作业要点卡,作业要点类课程,3D动画,GFA.1.7,01:59,https://www.zhkjdream.com/app/course/detail/157876486_157815793,预应力制安施工,
预应力张拉作业要点卡,作业要点类课程,3D动画,GFA.1.8,04:27,https://www.zhkjdream.com/app/course/detail/157868981_157823298,预应力张拉施工,
孔道压浆及封锚作业要点卡,作业要点类课程,3D动画,GFA.1.9,03:36,https://www.zhkjdream.com/app/course/detail/157876482_157815797,孔道压浆与封锚施工,
陆上爆破作业要点卡,作业要点类课程,3D动画,GFA.1.10,03:53,https://www.zhkjdream.com/app/course/detail/157869267_157823012,陆上爆破施工,
水下爆破作业要点卡,作业要点类课程,3D动画,GFA.1.11,03:48,,水下爆破施工,
大体积混凝土作业要点卡,作业要点类课程,3D动画,GFA.1.12,03:57,https://www.zhkjdream.com/app/course/detail/157875451_157816828,大体积混凝土施工,
人工挖孔桩作业要点卡,作业要点类课程,3D动画,GFA.1.13,04:01,https://www.zhkjdream.com/app/course/detail/157872051_157820228,挖孔桩施工,
钻孔桩作业要点卡,作业要点类课程,3D动画,GFA.1.14,04:48,,钻孔桩施工,
锤击沉桩作业要点卡,作业要点类课程,3D动画,GFA.1.15,02:18,https://www.zhkjdream.com/app/course/detail/157868193_157824086,锤击沉桩施工,
振动沉桩作业要点卡,作业要点类课程,3D动画,GFA.1.16,02:02,https://www.zhkjdream.com/app/course/detail/157868182_157824097,锤击沉桩施工,
静力压桩作业要点卡,作业要点类课程,3D动画,GFA.1.17,01:44,,锤击沉桩施工,
汽车起重机作业要点卡,作业要点类课程,3D动画,GFA.1.18,02:31,https://www.zhkjdream.com/app/course/detail/157875897_157816382,汽车起重机施工,
浮吊作业要点卡,作业要点类课程,3D动画,GFA.1.19,03:43,,浮吊施工,
塔式起重机作业要点卡,作业要点类课程,3D动画,GFA.1.20,04:43,https://www.zhkjdream.com/app/course/detail/157879487_157812792,塔式起重机施工,
门式起重机作业要点卡,作业要点类课程,3D动画,GFA.1.21,02:38,,门式起重机施工,
施工升降机作业要点卡,作业要点类课程,3D动画,GFA.1.22,03:26,https://www.zhkjdream.com/app/course/detail/157879493_157812786,施工升降机施工,
架桥机作业要点卡,作业要点类课程,3D动画,GFA.1.23,03:10,https://www.zhkjdream.com/app/course/detail/157868133_157824146,架桥机施工,
司索作业要点卡,作业要点类课程,3D动画,GFA.1.24,01:56,https://www.zhkjdream.com/app/course/detail/157877523_157814756,司索工施工,
翻模施工作业要点卡,作业要点类课程,3D动画,GFA.1.25,02:22,https://www.zhkjdream.com/app/course/detail/157873454_157818825,翻模施工,
爬模施工作业要点卡,作业要点类课程,3D动画,GFA.1.26,03:35,https://www.zhkjdream.com/app/course/detail/157879506_157812773,爬模施工,
悬臂模板安拆作业要点卡,作业要点类课程,3D动画,GFA.1.27,03:52,https://www.zhkjdream.com/app/course/detail/157873599_157818680,悬臂模板施工,
钢管柱及贝雷架支架作业要点卡,作业要点类课程,3D动画,GFA.1.29,03:31,,钢管柱及贝雷架支架施工,
钢栈桥、钢平台施工作业要点卡,作业要点类课程,3D动画,GFA.1.30,04:58,https://www.zhkjdream.com/app/course/detail/157868167_157824112,钢栈桥、钢平台施工,
挂篮施工作业要点卡,作业要点类课程,3D动画,GFA.1.31,04:16,https://www.zhkjdream.com/app/course/detail/157873957_157818322,挂篮施工,
地表清理作业要点卡,作业要点类课程,3D动画,GFA.2.1,04:39,https://www.zhkjdream.com/app/course/detailVideo/157874838_157817441,地表清理施工,
填土路堤作业要点卡,作业要点类课程,3D动画,GFA.2.2,05:39,https://www.zhkjdream.com/app/course/detail/157868152_157824127,填土路堤施工,
填石路堤作业要点卡,作业要点类课程,3D动画,GFA.2.3,03:39,https://www.zhkjdream.com/app/course/detail/157868154_157824125,填石路堤施工,
土石混填作业要点卡,作业要点类课程,3D动画,GFA.2.4,05:21,https://www.zhkjdream.com/app/course/detail/157868094_157824185,土石混填施工,
半填半挖作业要点卡,作业要点类课程,3D动画,GFA.2.5,01:55,https://www.zhkjdream.com/app/course/detail/157876017_157816262,半填半挖施工,
路堑施工作业要点卡,作业要点类课程,3D动画,GFA.2.6,04:38,,路堑施工,
浆砌片石护坡作业要点卡,作业要点类课程,3D动画,GFA.2.7,06:23,https://www.zhkjdream.com/app/course/detail/157873387_157818892,浆砌片石护坡施工,
骨架护坡作业要点卡,作业要点类课程,3D动画,GFA.2.8,03:51,,骨架护坡施工,
锚杆（索）钻孔作业要点卡,作业要点类课程,3D动画,GFA.2.9,03:01,https://www.zhkjdream.com/app/course/detail/157868189_157824090,钻孔施工,
锚杆安装作业要点卡,作业要点类课程,3D动画,GFA.2.10,03:24,https://www.zhkjdream.com/app/course/detail/157873572_157818707,锚杆安装施工,
锚索安装作业要点卡,作业要点类课程,3D动画,GFA.2.11,03:54,https://www.zhkjdream.com/app/course/detail/157868189_157824090,锚索安装施工,
锚索张拉作业要点卡,作业要点类课程,3D动画,GFA.2.12,03:36,https://www.zhkjdream.com/app/course/detail/157868187_157824092,锚索张拉施工,
框架梁作业要点卡,作业要点类课程,3D动画,GFA.2.13,03:04,https://www.zhkjdream.com/app/course/detail/157868188_157824091,框架梁施工,
锚杆挡土墙开挖作业要点卡,作业要点类课程,3D动画,GFA.2.14,02:13,,锚杆挡土墙施工,
浆砌片石挡土墙作业要点卡,作业要点类课程,3D动画,GFA.2.15,03:48,https://www.zhkjdream.com/app/course/detail/157868173_157824106,浆砌片石挡土墙施工,
片石混凝土挡土墙作业要点卡,作业要点类课程,3D动画,GFA.2.16,04:25,,片石混凝土挡土墙施工,
台背与墙背填筑作业要点卡,作业要点类课程,3D动画,GFA.2.17,02:36,https://www.zhkjdream.com/app/course/detail/157868103_157824176,台背与墙背填筑施工,
路基排水作业要点卡,作业要点类课程,3D动画,GFA.2.18,02:54,https://www.zhkjdream.com/app/course/detail/157872008_157820271,路基排水施工,
强夯作业要点卡,作业要点类课程,3D动画,GFA.2.19,02:00,https://www.zhkjdream.com/app/course/detail/157868166_157824113,强夯施工,
碎石桩作业要点卡,作业要点类课程,3D动画,GFA.2.20,01:45,,碎石桩施工,
砂（碎石）垫层作业要点卡,作业要点类课程,3D动画,GFA.2.21,03:21,https://www.zhkjdream.com/app/course/detail/157873480_157818799,砂（碎石）垫层施工,
清淤换填作业要点卡,作业要点类课程,3D动画,GFA.2.22,03:11,https://www.zhkjdream.com/app/course/detail/157873467_157818812,清淤换填施工,
CFG桩作业要点卡,作业要点类课程,3D动画,GFA.2.23,02:02,,CFG桩施工,
塑料排水板作业要点卡,作业要点类课程,3D动画,GFA.2.24,01:37,,塑料排水板施工,
水泥搅拌桩作业要点卡,作业要点类课程,3D动画,GFA.2.25,04:39,https://www.zhkjdream.com/app/course/detailVideo/157874664_157817615,水泥搅拌桩施工,
高压旋喷桩作业要点卡,作业要点类课程,3D动画,GFA.2.26,02:48,https://www.zhkjdream.com/app/course/detail/157874693_157817586,高压旋喷桩施工,
混凝土管涵作业要点卡,作业要点类课程,3D动画,GFA.2.27,02:18,https://www.zhkjdream.com/app/course/detail/157875972_157816307,混凝土管涵施工,
盖板涵作业要点卡,作业要点类课程,3D动画,GFA.2.28,01:39,,盖板涵施工,
现浇箱涵作业要点卡,作业要点类课程,3D动画,GFA.2.29,04:34,https://www.zhkjdream.com/app/course/detail/157873519_157818760,现浇箱涵施工,
挖方路基拓宽作业要点卡,作业要点类课程,3D动画,GFA.2.30,03:41,https://www.zhkjdream.com/app/course/detail/157875969_157816310,路堑施工,
填方路基拓宽作业要点卡,作业要点类课程,3D动画,GFA.2.31,04:35,https://www.zhkjdream.com/app/course/detail/157875970_157816309,土石混填施工,
箱涵拼接作业要点卡,作业要点类课程,3D动画,GFA.2.32,02:20,https://www.zhkjdream.com/app/course/detail/157873519_157818760,现浇箱涵施工,
混合料拌合作业要点卡,作业要点类课程,3D动画,GFA.3.1,03:58,https://www.zhkjdream.com/app/course/detail/157875963_157816316,混合料拌合施工,
混合料运输作业要点卡,作业要点类课程,3D动画,GFA.3.2,03:33,https://www.zhkjdream.com/app/course/detail/157868328_157823951,混合料运输施工,
（底）基层施工作业要点卡,作业要点类课程,3D动画,GFA.3.3,03:27,https://www.zhkjdream.com/app/course/detail/157868117_157824162,（底）基层施工,
透层施工作业要点卡,作业要点类课程,3D动画,GFA.3.4,02:00,,透层施工,
同步下封层施工作业要点卡,作业要点类课程,3D动画,GFA.3.5,03:08,https://www.zhkjdream.com/app/course/detail/157875961_157816318,同步下封层施工,
黏层施工作业要点卡,作业要点类课程,3D动画,GFA.3.6,02:28,https://www.zhkjdream.com/app/course/detail/157868141_157824138,黏层施工,
防水层施工作业要点卡,作业要点类课程,3D动画,GFA.3.7,02:30,https://www.zhkjdream.com/app/course/detail/157868116_157824163,防水层施工,
热拌沥青混合料面层作业要点卡,作业要点类课程,3D动画,GFA.3.8,05:44,https://www.zhkjdream.com/app/course/detail/157879505_157812774,热拌沥青混合料面层施工,
路面拼接施工作业要点卡,作业要点类课程,3D动画,GFA.3.9,03:24,https://www.zhkjdream.com/app/course/detail/157876478_157815801,路面拼接施工,
钢板桩作业要点卡,作业要点类课程,3D动画,GFA.4.2,03:37,,钢板桩施工,
承台作业要点卡,作业要点类课程,3D动画,GFA.4.3,03:00,https://www.zhkjdream.com/app/course/detail/157868119_157824160,承台施工,
墩台作业要点卡,作业要点类课程,3D动画,GFA.4.4,02:34,https://www.zhkjdream.com/app/course/detail/157868120_157824159,墩台施工,
高墩作业要点卡,作业要点类课程,3D动画,GFA.4.5,02:57,https://www.zhkjdream.com/app/course/detail/157875498_157816781,高墩施工,
盖梁作业要点卡,作业要点类课程,3D动画,GFA.4.6,04:48,https://www.zhkjdream.com/app/course/detail/157875563_157816716,盖梁施工,
梁板预制（先张法）作业要点卡,作业要点类课程,3D动画,GFA.4.7,05:27,https://www.zhkjdream.com/app/course/detail/157868196_157824083,梁板预制先张法施工,
梁板预制（后张法）作业要点卡,作业要点类课程,3D动画,GFA.4.8,05:02,https://www.zhkjdream.com/app/course/detail/157868216_157824063,梁板预制后张法施工,
梁板架设作业要点卡,作业要点类课程,3D动画,GFA.4.9,04:33,,梁板架设施工,
支架现浇梁作业要点卡,作业要点类课程,3D动画,GFA.4.10,03:06,https://www.zhkjdream.com/app/course/detail/157875566_157816713,支架现浇梁施工,
悬臂浇筑梁作业要点卡,作业要点类课程,3D动画,GFA.4.11,04:26,,悬臂浇筑梁施工,
节段梁制安作业要点卡,作业要点类课程,3D动画,GFA.4.12,02:55,,节段梁制安施工,
混凝土索塔作业要点卡,作业要点类课程,3D动画,GFA.4.13,03:26,https://www.zhkjdream.com/app/course/detail/157873441_157818838,索塔施工,
钢锚箱及索道管作业要点卡,作业要点类课程,3D动画,GFA.4.14,02:42,,钢锚箱及索道管施工,
斜拉索平行钢丝作业要点卡,作业要点类课程,3D动画,GFA.4.15,02:07,https://www.zhkjdream.com/app/course/detail/157868106_157824173,平行钢丝施工,
斜拉索钢绞线作业要点卡,作业要点类课程,3D动画,GFA.4.16,03:05,,钢绞线施工,
斜拉桥混凝土梁作业要点卡,作业要点类课程,3D动画,GFA.4.17,03:04,,混凝土梁施工,
斜拉桥附属设施作业要点卡,作业要点类课程,3D动画,GFA.4.18,02:17,,斜拉桥附属设施施工,
锚碇施工作业要点卡,作业要点类课程,3D动画,GFA.4.19,02:44,https://www.zhkjdream.com/app/course/detail/157873612_157818667,锚碇施工,
索鞍施工作业要点卡,作业要点类课程,3D动画,GFA.4.20,03:14,,索鞍施工,
猫道架设作业要点卡,作业要点类课程,3D动画,GFA.4.21,02:23,,猫道架设施工,
主缆架设作业要点卡,作业要点类课程,3D动画,GFA.4.22,03:00,,主缆架设施工,
紧缆及防护作业要点卡,作业要点类课程,3D动画,GFA.4.23,02:00,,紧缆及防护施工,
索夹及吊索作业要点卡,作业要点类课程,3D动画,GFA.4.24,02:52,,索夹及吊索施工,
钢箱加劲梁作业要点卡,作业要点类课程,3D动画,GFA.4.25,01:58,,钢箱加劲梁施工,
猫道改挂和拆除作业要点卡,作业要点类课程,3D动画,GFA.4.26,02:05,,猫道改挂和拆除施工,
缆索吊装作业要点卡,作业要点类课程,3D动画,GFA.4.28,03:44,,缆索吊装施工,
伸缩装置安装作业要点卡,作业要点类课程,3D动画,GFA.4.34,03:59,,伸缩装置安装施工,
支座安装作业要点卡,作业要点类课程,3D动画,GFA.4.35,02:36,,支座安装施工,
混凝土桥面铺装作业要点卡,作业要点类课程,3D动画,GFA.4.36,04:24,https://www.zhkjdream.com/app/course/detail/157868168_157824111,混凝土桥面铺装施工,
桥梁拼宽作业要点卡,作业要点类课程,3D动画,GFA.4.37,03:01,,混凝土桥面铺装施工,
边仰坡开挖作业要点卡,作业要点类课程,3D动画,GFA.5.1,03:37,https://www.zhkjdream.com/app/course/detail/157868137_157824142,边仰坡开挖施工,
明洞工程作业要点卡,作业要点类课程,3D动画,GFA.5.2,03:45,,明洞工程施工,
管棚施工作业要点卡,作业要点类课程,3D动画,GFA.5.3,08:05,https://www.zhkjdream.com/app/course/detail/157868136_157824143,管棚施工,
全断面开挖作业要点卡,作业要点类课程,3D动画,GFA.5.4,03:40,https://www.zhkjdream.com/app/course/detail/157868109_157824170,全断面开挖施工,
台阶法开挖作业要点卡,作业要点类课程,3D动画,GFA.5.5,04:52,https://www.zhkjdream.com/app/course/detail/157868104_157824175,台阶法开挖施工,
环形预留核心土法开挖作业要点卡,作业要点类课程,3D动画,GFA.5.6,03:32,https://www.zhkjdream.com/app/course/detail/157868176_157824103,环形预留核心土法开挖施工,
中隔壁法开挖作业要点卡,作业要点类课程,3D动画,GFA.5.7,02:59,https://www.zhkjdream.com/app/course/detail/157868097_157824182,中隔壁法开挖施工,
交叉中隔壁法作业要点卡,作业要点类课程,3D动画,GFA.5.8,03:16,https://www.zhkjdream.com/app/course/detail/157868097_157824182,交叉中隔壁法开挖施工,
三台阶七步法作业要点卡,作业要点类课程,3D动画,GFA.5.9,03:58,https://www.zhkjdream.com/app/course/detail/157868093_157824186,三台阶七步法开挖施工,
双侧壁导坑法作业要点卡,作业要点类课程,3D动画,GFA.5.10,03:43,https://www.zhkjdream.com/app/course/detail/157868164_157824115,双侧壁导坑法开挖施工,
开挖检查作业要点卡,作业要点类课程,3D动画,GFA.5.11,01:20,,开挖检查施工,
钻爆法施工作业要点卡,作业要点类课程,3D动画,GFA.5.12,04:50,https://www.zhkjdream.com/app/course/detail/157869249_157823030,钻爆法施工,
出渣与运输作业要点卡,作业要点类课程,3D动画,GFA.5.13,04:28,https://www.zhkjdream.com/app/course/detail/157868102_157824177,出渣与运输施工,
超前小导管作业要点卡,作业要点类课程,3D动画,GFA.5.14,04:45,https://www.zhkjdream.com/app/course/detail/157868150_157824129,超前小导管施工,
锚杆施工作业要点卡,作业要点类课程,3D动画,GFA.5.15,04:16,https://www.zhkjdream.com/app/course/detail/157873822_157818457,锚杆施工,
钢筋网安装作业要点卡,作业要点类课程,3D动画,GFA.5.16,02:24,https://www.zhkjdream.com/app/course/detail/157868181_157824098,钢筋网安装施工,
喷射混凝土作业要点卡,作业要点类课程,3D动画,GFA.5.17,04:34,https://www.zhkjdream.com/app/course/detail/157868165_157824114,喷射混凝土施工,
钢架施工作业要点卡,作业要点类课程,3D动画,GFA.5.18,04:17,,钢架施工,
防水层施工作业要点卡2,作业要点类课程,3D动画,GFA.3.7,07:49,https://www.zhkjdream.com/app/course/detail/157868115_157824164,防水层施工,
排水（盲）管施工作业要点卡,作业要点类课程,3D动画,GFA.5.20,03:54,https://www.zhkjdream.com/app/course/detail/157868143_157824136,排水（盲）管施工,
施工缝防水施工施工作业要点卡,作业要点类课程,3D动画,GFA.5.21,03:48,,施工缝防水施工,
衬砌钢筋安装作业要点卡,作业要点类课程,3D动画,GFA.5.22,05:11,https://www.zhkjdream.com/app/course/detail/157868180_157824099,衬砌钢筋安装施工,
衬砌混凝土施工作业要点卡,作业要点类课程,3D动画,GFA.5.23,04:41,https://www.zhkjdream.com/app/course/detail/157874605_157817674,衬砌混凝土施工,
仰拱施工作业要点卡,作业要点类课程,3D动画,GFA.5.24,04:17,https://www.zhkjdream.com/app/course/detail/157868107_157824172,仰拱施工,
通风、防尘及有害气体作业要点卡,作业要点类课程,3D动画,GFA.5.25,02:27,https://www.zhkjdream.com/app/course/detail/157868652_157823627,通风防尘及有害气体施工,
一炮三检作业要点卡,作业要点类课程,3D动画,GFA.5.26,03:37,https://www.zhkjdream.com/app/course/detail/157868642_157823637,开挖检查施工,
交通标志作业要点卡,作业要点类课程,3D动画,GFA.6.1,03:01,,交通标志施工,
交通标线作业要点卡,作业要点类课程,3D动画,GFA.6.2,03:01,https://www.zhkjdream.com/app/course/detail/157869156_157823123,交通标线施工,
波形梁护栏作业要点卡,作业要点类课程,3D动画,GFA.6.3,03:31,https://www.zhkjdream.com/app/course/detail/157869108_157823171,波形梁护栏施工,
混凝土护栏作业要点卡,作业要点类课程,3D动画,GFA.6.4,04:00,,混凝土护栏施工,
缆索护栏作业要点卡,作业要点类课程,3D动画,GFA.6.5,03:15,,缆索护栏施工,
中央分隔带开口护栏作业要点卡,作业要点类课程,3D动画,GFA.6.6,01:47,,中央分隔带开口护栏施工,
缓冲设施作业要点卡,作业要点类课程,3D动画,GFA.6.7,01:32,,缓冲设施施工,
视线诱导设施作业要点卡,作业要点类课程,3D动画,GFA.6.8,02:29,,视线诱导设施施工,
隔离栅作业要点卡,作业要点类课程,3D动画,GFA.6.9,03:23,,隔离栅施工,
防落网作业要点卡,作业要点类课程,3D动画,GFA.6.10,03:02,,防落网施工,
防眩设施作业要点卡,作业要点类课程,3D动画,GFA.6.11,02:37,,防眩设施施工,
避险车道作业要点卡,作业要点类课程,3D动画,GFA.6.12,01:26,,避险车道施工,
声屏障作业要点卡,作业要点类课程,3D动画,GFA.6.13,02:49,,声屏障施工,
改扩建工程交通安全设施作业要点卡,作业要点类课程,3D动画,GFA.6.14,01:28,,交通标志施工,
地基与基础工程作业要点卡,作业要点类课程,3D动画,GFA.7.1,02:30,https://www.zhkjdream.com/app/course/detail/157873692_157818587,地基与基础施工,
模板工程施工作业要点卡,作业要点类课程,3D动画,GFA.7.2,03:52,https://www.zhkjdream.com/app/course/detail/157876015_157816264,模板工程施工,
钢筋工程施工作业要点卡,作业要点类课程,3D动画,GFA.7.3,03:25,https://www.zhkjdream.com/app/course/detail/157876016_157816263,钢筋施工,
混凝土工程施工作业要点卡,作业要点类课程,3D动画,GFA.7.4,02:22,https://www.zhkjdream.com/app/course/detail/157876014_157816265,混凝土工程施工,
砌体工程施工作业要点卡,作业要点类课程,3D动画,GFA.7.5,02:26,https://www.zhkjdream.com/app/course/detail/157874592_157817687,砌体施工,
动土作业安全培训（高清）,作业要点类课程,,GFA.B.1,13:46,https://www.bilibili.com/video/BV1av411e7rk?spm_id_from=333.788.videopod.sections&vd_source=8042ec89c63c1e56847a32ea9b47b7a8,基坑开挖施工,
独立基础施工工艺,作业要点类课程,,GFA.B.2,04:49,https://www.bilibili.com/video/BV1RK47zxEUZ/?spm_id_from=333.337.search-card.all.click&vd_source=8042ec89c63c1e56847a32ea9b47b7a8,地基与基础施工,
旋挖成孔灌注桩工艺,作业要点类课程,,GFA.B.3,05:31,https://www.bilibili.com/video/BV1fr47zaEg2/?spm_id_from=333.1387.homepage.video_card.click&vd_source=8042ec89c63c1e56847a32ea9b47b7a8,钻孔桩施工,
cfg桩施工全过程,作业要点类课程,,GFA.B.4,02:45,https://www.bilibili.com/video/BV1hvGW6SEYv/?spm_id_from=333.1387.homepage.video_card.click&vd_source=8042ec89c63c1e56847a32ea9b47b7a8,CFG桩施工,
管桩施工全过程,作业要点类课程,,GFA.B.5,02:17,https://www.bilibili.com/video/BV1XgRSBcERa/?spm_id_from=333.1387.upload.video_card.click&vd_source=8042ec89c63c1e56847a32ea9b47b7a8,锤击沉桩施工,
工程施工动画之上行式移动模架三维动画,作业要点类课程,,GFA.B.6,04:58,https://www.bilibili.com/video/BV1LhokBHEK3/?spm_id_from=333.337.search-card.all.click&vd_source=8042ec89c63c1e56847a32ea9b47b7a8,移动模架施工,
水下钻孔灌注桩施工,作业要点类课程,,GFA.B.7,02:48,https://www.bilibili.com/video/BV15t4y1N7fP/?spm_id_from=333.337.search-card.all.click&vd_source=8042ec89c63c1e56847a32ea9b47b7a8,水中钢管桩施工,
转体桥工艺动画,作业要点类课程,,GFA.B.8,08:48,https://www.bilibili.com/video/BV1nSE7zmEkp/?spm_id_from=333.337.search-card.all.click&vd_source=8042ec89c63c1e56847a32ea9b47b7a8,转体施工,
混凝土组合梁拱圈节段施工模拟动画,作业要点类课程,,GFA.B.9,02:41,https://www.bilibili.com/video/BV1HP4y1e7sn/?spm_id_from=333.337.search-card.all.click&vd_source=8042ec89c63c1e56847a32ea9b47b7a8,混凝土拱圈施工,
静力压桩施工工艺讲解,作业要点类课程,,GFA.B.10,02:03,https://www.bilibili.com/video/BV1gf4y1s7Bs/?spm_id_from=333.337.search-card.all.click&vd_source=8042ec89c63c1e56847a32ea9b47b7a8,锤击沉桩施工,
模板施工工艺,作业要点类课程,,GFA.B.11,03:15,https://www.bilibili.com/video/BV1yU4y1a742/?spm_id_from=333.337.search-card.all.click&vd_source=8042ec89c63c1e56847a32ea9b47b7a8,模板工程施工,
钢筋安装工程工艺模拟,作业要点类课程,,GFA.B.12,02:47,https://www.bilibili.com/video/BV1Fi4y1Q7Yu/?spm_id_from=333.337.search-card.all.click&vd_source=8042ec89c63c1e56847a32ea9b47b7a8,钢筋施工,
盘扣式支架搭设,作业要点类课程,,GFA.D.1,03:27,https://v.douyin.com/Iqs-THmK00I/,支架搭拆施工,
模板工程安装要点,作业要点类课程,,GFA.D.2,03:41,https://v.douyin.com/16uitHZF4OQ/,模板安拆施工,
大体积混凝土施工的注意事项,作业要点类课程,,GFA.D.3,01:17,https://v.douyin.com/nKjDn84MEog/,大体积混凝土施工,
施工动画钢筋制安,作业要点类课程,,GFA.D.4,02:10,https://v.douyin.com/WyjKuqyqxaw/,钢筋制安施工,
盘扣式钢管脚手架搭设技术交底动画,作业要点类课程,,GFA.D.5,05:30,https://v.douyin.com/RUAgJTWJZp4/,脚手架搭拆施工,
后张法预应力施工工艺,作业要点类课程,,GFA.D.6,01:47,https://v.douyin.com/54uADfU6igg/,预应力张拉施工,
孔道压浆及封端,作业要点类课程,,GFA.D.7,02:25,https://v.douyin.com/ZDFKlqneAyE/ ,孔道压浆与封锚施工,
人工挖孔桩施工全过程3D动画演示,作业要点类课程,,GFA.D.8,05:24,https://v.douyin.com/4Q_ejhu-I1c/,挖孔桩施工,
旋挖钻钻孔灌注桩施工,作业要点类课程,,GFA.D.9,05:19,https://v.douyin.com/iINTX0pyGZk/,钻孔桩施工,
预制混凝土管桩锤击沉桩施工,作业要点类课程,,GFA.D.10,03:00,https://v.douyin.com/IFIE3jhtUto/,锤击沉桩施工,
架桥机拼装与拆卸,作业要点类课程,,GFA.D.11,03:42,https://v.douyin.com/GSE3J7kJClU/,架桥机施工,
建筑起重司索信号工,作业要点类课程,,GFA.D.12,01:24,https://v.douyin.com/_JOmqC_sFLQ/,司索工施工,
桥梁模板翻模施工演讲,作业要点类课程,,GFA.D.13,05:07,https://v.douyin.com/s4n8VqeOrdU/,翻模施工,
高墩液压爬模施工工艺,作业要点类课程,,GFA.D.14,04:20,https://v.douyin.com/eRRiCZUEB-U/,爬模施工,
现浇梁挂篮悬臂浇筑施工,作业要点类课程,,GFA.D.15,03:38,https://v.douyin.com/n8DdodPRBOo/,悬臂模板施工,
贝雷片支架现浇施工动画演示,作业要点类课程,,GFA.D.16,01:23,https://v.douyin.com/H6kWWeWGK3U/,钢管柱及贝雷架支架施工,
钢栈桥钢平台施工工艺解析,作业要点类课程,,GFA.D.17,02:12,https://v.douyin.com/NMfttqUlUy0/,钢栈桥、钢平台施工,
振冲碎石桩施工动画,作业要点类课程,,GFA.D.18,03:02,https://v.douyin.com/wQrz7wJcYwY/,碎石桩施工,
砂（碎石）垫层施工,作业要点类课程,,GFA.D.19,01:00,https://v.douyin.com/FA7ibfFmJZ4/,砂（碎石）垫层施工,
清淤施工方案讲解,作业要点类课程,,GFA.D.20,00:55,https://v.douyin.com/5dSUEm7F6Lo/,清淤换填施工,
水泥土搅拌桩施工工艺流程,作业要点类课程,,GFA.D.21,03:52,https://v.douyin.com/p7hDEHtOS0I/,水泥搅拌桩施工,
高压旋喷桩BIM施工动画,作业要点类课程,,GFA.D.22,03:04,https://v.douyin.com/kjzrbWWYYU8/,高压旋喷桩施工,
挖方段路堑施工技术要点,作业要点类课程,,GFA.D.23,06:09,https://v.douyin.com/LetspWs8zdY/,路堑施工,
场地清表和平整场地操作流程,作业要点类课程,,GFA.D.24,01:20,https://v.douyin.com/3fGHwLIakt4/,地表清理施工,
桥梁台背回填施工动画模拟,作业要点类课程,,GFA.D.25,01:56,https://v.douyin.com/ENQHM89kgV0/,台背与墙背填筑施工,
圆管涵施工流程,作业要点类课程,,GFA.D.26,04:42,https://v.douyin.com/Gq0oJgvety8/,混凝土管涵施工,
盖板涵施工动画演示,作业要点类课程,,GFA.D.27,01:45,https://v.douyin.com/780Pu-blJ2U/,盖板涵施工,
现浇箱涵施工工艺,作业要点类课程,,GFA.D.28,06:28,https://v.douyin.com/4tmbSsNwIE8/,现浇箱涵施工,
浆砌片石挡土墙的技术施工要求及规范,作业要点类课程,,GFA.D.29,01:08,https://v.douyin.com/lp7WKgmDkck/,浆砌片石护坡施工,
拱形骨架护坡标准化施工工艺,作业要点类课程,,GFA.D.30,00:42,https://v.douyin.com/JYQGKLcfxkg/,骨架护坡施工,
锚杆施工工艺及工装详解施工演示,作业要点类课程,,GFA.D.31,05:54,https://v.douyin.com/ZuuhhKbZl0M/,锚杆安装施工,
锚索施工工艺流程动画,作业要点类课程,,GFA.D.32,06:29,https://v.douyin.com/prlB1-brAXA/,锚索安装施工,
锚杆挡墙安装施工模拟,作业要点类课程,,GFA.D.33,01:42,https://v.douyin.com/Q7NUrnDcEaI/,锚杆挡土墙施工,
道路沥青面层施工工艺流程,作业要点类课程,,GFA.D.34,01:14,https://v.douyin.com/bbDIBDxI90s/,热拌沥青混合料面层施工,
路面拼接工艺动画,作业要点类课程,,GFA.D.35,05:16,https://v.douyin.com/mKB5yvrrGnY/,路面拼接施工,
钢板桩钢支撑基坑支护施工动画,作业要点类课程,,GFA.D.36,01:17,https://v.douyin.com/d0qq6woYjXQ/,钢板桩施工,
桥梁下部结构承台施工,作业要点类课程,,GFA.D.37,07:10,https://v.douyin.com/UVjjxGS2Nq4/,承台施工,
缆索施工路桥施工动画，拱桥施工技术---缆索吊装施工,作业要点类课程,,GFA.D.38,06:07,https://v.douyin.com/p7dB5JFbtkY/,缆索吊装施工,
隧道管棚施工要点动画详解,作业要点类课程,,GFA.D.39,06:11,https://v.douyin.com/0Z501k1zglQ/,管棚施工,
隧道三台阶七步开挖法施工流程,作业要点类课程,,GFA.D.40,00:51,https://v.douyin.com/-PPUHY4FrwY/,三台阶七步法开挖施工,
,,,,,,,
,,,,,,,
,,,,,,,
,,,,,,,
,,,,,,,
,,,,,,,
,,,,,,,
,,,,,,,
,,,,,,,
,,,,,,,
,,,,,,,
,,,,,,,
,,,,,,,
,,,,,,,
,,,,,,,
,,,,,,,
,,,,,,,
,,,,,,,
,,,,,,,
,,,,,,,
,,,,,,,
,,,,,,,
,,,,,,,
,,,,,,,
,,,,,,,
,,,,,,,
,,,,,,,
,,,,,,,
,,,,,,,
,,,,,,,
,,,,,,,
,,,,,,,
,,,,,,,
,,,,,,,
,,,,,,,
,,,,,,,
,,,,,,,
,,,,,,,
,,,,,,,
,,,,,,,
,,,,,,,
,,,,,,,
,,,,,,,
,,,,,,,
,,,,,,,
,,,,,,,
,,,,,,,
,,,,,,,
,,,,,,,
,,,,,,,
,,,,,,,
,,,,,,,
,,,,,,,
,,,,,,,
,,,,,,,
,,,,,,,
,,,,,,,
,,,,,,,
,,,,,,,
,,,,,,,
,,,,,,,
,,,,,,,
,,,,,,,
,,,,,,,
,,,,,,,
,,,,,,,
,,,,,,,
