课程名称,课程类别,课程形式,课程编号,课程时长,URL,事故类型
触电,应急明白类课程,3D动画,GFE.1,01:07,https://www.zhkjdream.com/app/course/detail/157875652_157816627,触电事故
物体打击,应急明白类课程,3D动画,GFE.2,01:44,https://www.zhkjdream.com/app/course/detailVideo/157875630_157816649,物体打击事故
高处坠落,应急明白类课程,3D动画,GFE.3,01:46,https://www.zhkjdream.com/app/course/detail/157875636_157816643,高处坠落事故
机械伤害,应急明白类课程,3D动画,GFE.4,01:33,https://www.zhkjdream.com/app/course/detail/157877525_157814754,机械伤害事故
车辆伤害,应急明白类课程,3D动画,GFE.5,01:06,https://www.zhkjdream.com/app/course/detail/157877529_157814750,车辆伤害事故
火灾,应急明白类课程,3D动画,GFE.6,03:16,https://www.zhkjdream.com/app/course/detail/157868264_157824015,火灾事故
灼烫,应急明白类课程,3D动画,GFE.7,01:09,https://www.zhkjdream.com/app/course/detail/157875654_157816625,灼烫事故
淹溺,应急明白类课程,3D动画,GFE.8,01:09,https://www.zhkjdream.com/app/course/detail/157875647_157816632,淹溺事故
基坑坍塌,应急明白类课程,3D动画,GFE.9,01:42,https://www.zhkjdream.com/app/course/detail/157868251_157824028,基坑坍塌事故
支架坍塌,应急明白类课程,3D动画,GFE.10,01:28,https://www.zhkjdream.com/app/course/detail/157868263_157824016,支架坍塌事故
孔壁坍塌,应急明白类课程,3D动画,GFE.11,00:57,https://www.zhkjdream.com/app/course/detail/157873653_157818626,孔壁坍塌事故
边坡坍塌,应急明白类课程,3D动画,GFE.12,00:58,https://www.zhkjdream.com/app/course/detail/157868260_157824019,边坡坍塌事故
坍塌,应急明白类课程,3D动画,GFE.13,01:32,https://www.zhkjdream.com/app/course/detail/157868230_157824049,隧道坍塌事故
冒顶片帮,应急明白类课程,3D动画,GFE.14,01:27,https://www.zhkjdream.com/app/course/detail/157868300_157823979,冒顶片帮事故
透水,应急明白类课程,3D动画,GFE.15,01:38,https://www.zhkjdream.com/app/course/detail/157868239_157824040,透水事故
放炮,应急明白类课程,3D动画,GFE.16,01:08,https://www.zhkjdream.com/app/course/detail/157868346_157823933,放炮事故
中毒窒息,应急明白类课程,3D动画,GFE.17,00:54,https://www.zhkjdream.com/app/course/detail/157875613_157816666,中毒窒息事故
交通事故,应急明白类课程,3D动画,GFE.18,01:02,https://www.zhkjdream.com/app/course/detail/157877524_157814755,交通事故
设备倾覆,应急明白类课程,3D动画,GFE.19,01:25,https://www.zhkjdream.com/app/course/detail/157877528_157814751,设备倾覆事故
立柱爆模、倾覆,应急明白类课程,3D动画,GFE.20,01:39,https://www.zhkjdream.com/app/course/detail/157868267_157824012,立柱爆模、倾覆事故
模板倾覆,应急明白类课程,3D动画,GFE.21,01:24,https://www.zhkjdream.com/app/course/detail/157868257_157824022,模板倾覆事故
护栏模板爆模,应急明白类课程,3D动画,GFE.22,01:10,https://www.zhkjdream.com/app/course/detail/157868267_157824012,护栏模板爆模事故
中暑急救,应急明白类课程,3D动画,GFE.23,00:50,https://www.zhkjdream.com/app/course/detail/157871949_157820330,中暑急救
止血包扎,应急明白类课程,3D动画,GFE.24,01:00,https://www.zhkjdream.com/app/course/detail/157875612_157816667,止血包扎
心肺复苏,应急明白类课程,3D动画,GFE.25,02:18,https://www.zhkjdream.com/app/course/detail/157875611_157816668,心肺复苏
紧急电话,应急明白类课程,3D动画,GFE.26,00:47,https://www.zhkjdream.com/app/course/detail/157875655_157816624,紧急电话
高处坠落-底基层施工应急明白,应急明白类课程,3D动画,CM6000,01:49,https://www.zhkjdream.com/app/course/detail/157868245_157824034,高处坠落事故
机械伤害-底基层施工应急明白,应急明白类课程,3D动画,CM5980,01:29,https://www.zhkjdream.com/app/course/detail/157868225_157824054,机械伤害事故
交通事故-底基层施工应急明白,应急明白类课程,3D动画,CM5975,01:30,https://www.zhkjdream.com/app/course/detail/157868220_157824059,交通事故
高处坠落-路基填筑应急明白,应急明白类课程,3D动画,CM6003,01:43,https://www.zhkjdream.com/app/course/detail/157868248_157824031,高处坠落事故
机械伤害-路基填筑应急明白,应急明白类课程,3D动画,CM5983,01:28,https://www.zhkjdream.com/app/course/detail/157868228_157824051,机械伤害事故
交通事故-路基填筑应急明白,应急明白类课程,3D动画,CM5976,01:27,https://www.zhkjdream.com/app/course/detail/157868221_157824058,交通事故
边坡坍塌-路堑施工应急明白,应急明白类课程,3D动画,CM6015,01:23,https://www.zhkjdream.com/app/course/detail/157868260_157824019,边坡坍塌事故
高处坠落-路堑施工应急明白,应急明白类课程,3D动画,CM6004,01:40,https://www.zhkjdream.com/app/course/detail/157868249_157824030,高处坠落事故
机械伤害-路堑施工应急明白,应急明白类课程,3D动画,CM5984,01:26,https://www.zhkjdream.com/app/course/detail/157868229_157824050,机械伤害事故
高处坠落_面层施工应急明白,应急明白类课程,3D动画,CM5996,01:46,https://www.zhkjdream.com/app/course/detail/157868241_157824038,高处坠落事故
灼伤 _面层施工应急明白,应急明白类课程,3D动画,CM5986,01:20,https://www.zhkjdream.com/app/course/detail/157868231_157824048,灼烫事故
机械伤害_面层施工应急明白,应急明白类课程,3D动画,CM5978,01:30,https://www.zhkjdream.com/app/course/detail/157868223_157824056,机械伤害事故
交通事故_面层施工应急明白,应急明白类课程,3D动画,CM5974,01:30,https://www.zhkjdream.com/app/course/detail/157868219_157824060,交通事故
触电-水中桩及水上施工应急明白,应急明白类课程,3D动画,CM6010,01:43,https://www.zhkjdream.com/app/course/detail/157868255_157824024,触电事故
钢围堰倾覆-水中桩及水上施工应急明白,应急明白类课程,3D动画,CM6016,01:43,https://www.zhkjdream.com/app/course/detail/157868261_157824018,设备倾覆事故
高处坠落-水中桩及水上施工应急明白,应急明白类课程,3D动画,CM5999,01:53,https://www.zhkjdream.com/app/course/detail/157868244_157824035,高处坠落事故
机械伤害-水中桩及水上施工应急明白,应急明白类课程,3D动画,CM5979,02:02,https://www.zhkjdream.com/app/course/detail/157868224_157824055,机械伤害事故
溺水-水中桩及水上施工应急明白,应急明白类课程,3D动画,CM6007,01:31,https://www.zhkjdream.com/app/course/detail/157868252_157824027,淹溺事故
物体打击-水中桩及水上施工应急明白,应急明白类课程,3D动画,CM5990,01:48,https://www.zhkjdream.com/app/course/detail/157868235_157824044,物体打击事故
车辆伤害-隧道开挖应急明白,应急明白类课程,3D动画,CM6014,02:28,https://www.zhkjdream.com/app/course/detail/157868259_157824020,交通事故
触电-隧道开挖应急明白,应急明白类课程,3D动画,CM6011,01:42,https://www.zhkjdream.com/app/course/detail/157868256_157824023,触电事故
高处坠落-隧道开挖应急明白,应急明白类课程,3D动画,CM6005,01:52,https://www.zhkjdream.com/app/course/detail/157868250_157824029,高处坠落事故
冒顶片帮-隧道开挖应急明白,应急明白类课程,3D动画,CM5993,01:50,https://www.zhkjdream.com/app/course/detail/157868238_157824041,冒顶片帮事故
气体中毒-隧道开挖应急明白,应急明白类课程,3D动画,CM5973,02:10,https://www.zhkjdream.com/app/course/detail/157868218_157824061,中毒窒息事故
坍塌-隧道开挖应急明白,应急明白类课程,3D动画,CM5985,01:59,https://www.zhkjdream.com/app/course/detail/157868230_157824049,隧道坍塌事故
突泥突水 _隧道开挖应急明白,应急明白类课程,3D动画,CM5994,02:05,https://www.zhkjdream.com/app/course/detail/157868239_157824040,透水事故
高处坠落-承台施工应急明白,应急明白类课程,3D动画,CM6001,02:00,https://www.zhkjdream.com/app/course/detail/157868246_157824033,高处坠落事故
机械伤害-承台施工应急明白,应急明白类课程,3D动画,CM5981,01:58,https://www.zhkjdream.com/app/course/detail/157868226_157824053,机械伤害事故
物体打击-承台施工应急明白,应急明白类课程,3D动画,CM5991,01:54,https://www.zhkjdream.com/app/course/detail/157868236_157824043,物体打击事故
触电_挂篮施工应急明白,应急明白类课程,3D动画,CM6008,01:39,http://zhkjdream.com/app/course/detail/157868253_157824026,触电事故
高处坠落_挂篮施工应急明白,应急明白类课程,3D动画,CM5995,01:59,https://www.zhkjdream.com/app/course/detail/157868240_157824039,高处坠落事故
机械伤害_挂篮施工应急明白,应急明白类课程,3D动画,CM5977,02:05,https://www.zhkjdream.com/app/course/detail/157868222_157824057,机械伤害事故
设备倾覆_挂篮施工应急明白,应急明白类课程,3D动画,CM6013,01:52,https://www.zhkjdream.com/app/course/detail/157868258_157824021,设备倾覆事故
物体打击_挂篮施工应急明白,应急明白类课程,3D动画,CM5987,02:03,https://www.zhkjdream.com/app/course/detail/157868232_157824047,物体打击事故
高处坠落-基础钢筋 混凝土施工应急明白,应急明白类课程,3D动画,CM6002,02:01,https://www.zhkjdream.com/app/course/detail/157868247_157824032,高处坠落事故
机械伤害-基础钢筋 混凝土施工应急明白,应急明白类课程,3D动画,CM5982,01:59,https://www.zhkjdream.com/app/course/detail/157868227_157824052,机械伤害事故
物体打击-基础钢筋 混凝土施工应急明白,应急明白类课程,3D动画,CM5992,01:56,https://www.zhkjdream.com/app/course/detail/157868237_157824042,物体打击事故
触电-下构立柱钢筋模板应急明白,应急明白类课程,3D动画,CM6009,01:42,https://www.zhkjdream.com/app/course/detail/157868254_157824025,触电事故
高处坠落-下构立柱钢筋模板应急明白,应急明白类课程,3D动画,CM5998,02:12,https://www.zhkjdream.com/app/course/detail/157868243_157824036,高处坠落事故
物体打击-下构立柱钢筋模板应急明白,应急明白类课程,3D动画,CM5989,02:10,https://www.zhkjdream.com/app/course/detail/157868234_157824045,物体打击事故
高处坠落-下构立柱混凝土施工应急明白,应急明白类课程,3D动画,CM5997,02:01,https://www.zhkjdream.com/app/course/detail/157868242_157824037,高处坠落事故
物体打击-下构立柱混凝土施工应急明白,应急明白类课程,3D动画,CM5988,01:50,https://www.zhkjdream.com/app/course/detail/157868233_157824046,物体打击事故
模板倾覆_下构盖梁混凝土施工应急明白,应急明白类课程,3D动画,CM6012,01:52,https://www.zhkjdream.com/app/course/detail/157868257_157824022,设备倾覆事故
基坑坍塌-下构承台施工应急明白,应急明白类课程,3D动画,CM6006,02:09,http://zhkjdream.com/app/course/detail/157868251_157824028,基坑坍塌事故
窒息-箱梁预制应急明白,应急明白类课程,3D动画,CM7608,01:49,https://www.zhkjdream.com/app/course/detail/157869853_157822426,中毒窒息事故
触电急救,应急明白类课程,3D动画,CM9752,01:08,https://www.zhkjdream.com/app/course/detail/157871997_157820282,触电事故
溺水急救,应急明白类课程,3D动画,CM9740,01:09,https://www.zhkjdream.com/app/course/detail/157871985_157820294,淹溺事故
气体中毒及窒息急救,应急明白类课程,3D动画,CM9728,00:55,https://www.zhkjdream.com/app/course/detail/157871973_157820306,中毒窒息事故
心肺复苏2,应急明白类课程,3D动画,CM9716,02:18,https://www.zhkjdream.com/app/course/detail/157871961_157820318,心肺复苏
中暑急救2,应急明白类课程,3D动画,CM9704,00:50,https://www.zhkjdream.com/app/course/detail/157871949_157820330,中暑急救
紧急电话2,应急明白类课程,3D动画,CM9784,00:58,https://www.zhkjdream.com/app/course/detail/157872029_157820250,紧急电话
止血包扎2,应急明白类课程,3D动画,CM11603,01:00,https://www.zhkjdream.com/app/course/detail/157873848_157818431,止血包扎
烧伤急救,应急明白类课程,3D动画,CM11616,01:09,https://www.zhkjdream.com/app/course/detail/157873861_157818418,灼烫事故
物体打击2,应急明白类课程,3D动画,CM17267,01:44,https://www.zhkjdream.com/app/course/detail/157879512_157812767,物体打击事故
高处坠落2,应急明白类课程,3D动画,CM6243,01:17,https://www.zhkjdream.com/app/course/detail/157868488_157823791,高处坠落事故
机械伤害2,应急明白类课程,3D动画,CM6159,01:33,https://www.zhkjdream.com/app/course/detail/157868404_157823875,机械伤害事故
暴雨应急指南,应急明白类课程,,GFE.B.1,06:52,https://www.bilibili.com/video/BV1vv411K7TN?spm_id_from=333.788.videopod.sections&vd_source=8042ec89c63c1e56847a32ea9b47b7a8,淹溺事故
透水事故应急预案,应急明白类课程,,GFE.B.2,26:12,https://www.bilibili.com/video/BV1Cs4y1e7es/?spm_id_from=333.337.search-card.all.click&vd_source=8042ec89c63c1e56847a32ea9b47b7a8,透水事故
泉安应急——2022年夹金山隧道工程山洪抢险暨隧道坍塌事故应急演练,应急明白类课程,,GFE.B.3,08:17,https://www.bilibili.com/video/BV1yY411U7W6/?spm_id_from=333.337.search-card.all.click&vd_source=8042ec89c63c1e56847a32ea9b47b7a8,隧道坍塌事故
暗挖隧道冒顶片帮“教学式”应急演练,应急明白类课程,,GFE.B.4,06:11,https://www.bilibili.com/video/BV1ye411d7sN/?spm_id_from=333.337.search-card.all.click&vd_source=8042ec89c63c1e56847a32ea9b47b7a8,冒顶片帮事故
高处坠落“教学式”应急演练,应急明白类课程,,GFE.B.5,03:25,https://www.bilibili.com/video/BV1nj411L7yh/?spm_id_from=333.337.search-card.all.click&vd_source=8042ec89c63c1e56847a32ea9b47b7a8,高处坠落事故
高空坠落急救完整流程来了！,应急明白类课程,,GFE.B.6,05:55,https://www.bilibili.com/video/BV1dG4y1x7JR/?spm_id_from=333.337.search-card.all.click&vd_source=8042ec89c63c1e56847a32ea9b47b7a8,高处坠落事故
机械伤害“教学式”应急救援演练,应急明白类课程,,GFE.B.7,06:24,https://www.bilibili.com/video/BV19a4y1o7yu/?spm_id_from=333.337.search-card.all.click&vd_source=8042ec89c63c1e56847a32ea9b47b7a8,机械伤害事故
有限空间中毒窒息“教学式”应急救援演练,应急明白类课程,,GFE.B.8,06:33,https://www.bilibili.com/video/BV1Ue411d7Vz?spm_id_from=333.788.videopod.sections&vd_source=8042ec89c63c1e56847a32ea9b47b7a8,中毒窒息事故
灼烫伤害应急处置,应急明白类课程,,GFE.B.9,01:27,https://www.bilibili.com/video/BV1Ra411S7FD/?spm_id_from=333.337.search-card.all.click&vd_source=8042ec89c63c1e56847a32ea9b47b7a8,灼烫事故
边坡坍塌事故应急演练,应急明白类课程,,GFE.B.10,02:10,https://www.bilibili.com/video/BV1NK411Z75r/?spm_id_from=333.337.search-card.all.click&vd_source=8042ec89c63c1e56847a32ea9b47b7a8,边坡坍塌事故
触电事故“教学式”应急演练,应急明白类课程,,GFE.B.11,05:43,https://www.bilibili.com/video/BV1xu4y1g7U3?spm_id_from=333.788.videopod.sections&vd_source=8042ec89c63c1e56847a32ea9b47b7a8,触电事故
14-应急救援篇-急切 8分钟（吊车倾倒）,应急明白类课程,,GFE.B.12,09:18,https://www.bilibili.com/video/BV1HAHUeQEvQ/?spm_id_from=333.337.search-card.all.click&vd_source=8042ec89c63c1e56847a32ea9b47b7a8,设备倾覆事故
意外伤害之交通事故现场急救,应急明白类课程,,GFE.B.13,08:02,https://www.bilibili.com/video/BV1TP4y1A7KD/?spm_id_from=333.337.search-card.all.click&vd_source=8042ec89c63c1e56847a32ea9b47b7a8,交通事故
脚手架坍塌“教学式”应急演练,应急明白类课程,,GFE.B.14,05:35,https://www.bilibili.com/video/BV1a64y15735?spm_id_from=333.788.videopod.sections&vd_source=8042ec89c63c1e56847a32ea9b47b7a8,支架坍塌事故
暗挖隧道火灾“教学式”应急演练,应急明白类课程,,GFE.B.15,06:04,https://www.bilibili.com/video/BV15w411b76Q?spm_id_from=333.788.videopod.sections&vd_source=8042ec89c63c1e56847a32ea9b47b7a8,火灾事故
意外伤害之触电现场急救,应急明白类课程,,GFE.B.16,15:05,https://www.bilibili.com/video/BV1xa411C73X?spm_id_from=333.788.recommend_more_video.0&trackid=web_related_0.router-related-2589621-btjjl.1779878270468.895&vd_source=8042ec89c63c1e56847a32ea9b47b7a8,触电事故
放炮事故“教学式”应急救援演练,应急明白类课程,,GFE.B.17,05:30,https://www.bilibili.com/video/BV1894y1j7ZH?spm_id_from=333.788.videopod.sections&vd_source=8042ec89c63c1e56847a32ea9b47b7a8,放炮事故
车辆伤害应急处置,应急明白类课程,,GFE.D.1,00:46,https://v.douyin.com/v5SOdJE4IAg/,车辆伤害事故
矿井发生透水事故的自救与互救,应急明白类课程,,GFE.D.2,01:10,https://v.douyin.com/XMtZ8aQ93d4/,透水事故
隧道坍塌应急救援技术系列视频：隧道“关门”坍塌事故介绍,应急明白类课程,,GFE.D.3,04:37,https://v.douyin.com/Ru2SW08tV6E/ 复制此链接，打开Dou音搜索，直接观看视频！,隧道坍塌事故
采掘工作面冒顶事故应急处置,应急明白类课程,,GFE.D.4,01:59,https://v.douyin.com/Yiz4ubNFrcc/,冒顶片帮事故
安全生产事故警示教育片之：高处坠落,应急明白类课程,,GFE.D.5,05:42,https://v.douyin.com/nrvbGq7MrT0/,高处坠落事故
物体打击事故应急处置方法,应急明白类课程,,GFE.D.6,01:01,https://v.douyin.com/nbmT2pe2CRU/,物体打击事故
机械伤害应急处置流程,应急明白类课程,,GFE.D.7,02:59,https://v.douyin.com/Oe9J1KxUD60/,机械伤害事故
中毒与窒息安全教育警示片事故紧急处理方法,应急明白类课程,,GFE.D.8,01:55,https://v.douyin.com/cq2dCZOyEpI/,中毒窒息事故
烫伤与烧伤急救处理应急知识,应急明白类课程,,GFE.D.9,05:16,https://v.douyin.com/VIvyCSP0P_U/,灼烫事故
安全学习之【建设项目溺水应急救援演练】,应急明白类课程,,GFE.D.10,04:16,https://v.douyin.com/X-WnIzoFV7Y/,淹溺事故
触电事故应急处置办法,应急明白类课程,,GFE.D.11,01:22,https://v.douyin.com/L4dxPsYZSMo/,触电事故
建筑工地基坑事故应急演练,应急明白类课程,,GFE.D.12,04:10,https://v.douyin.com/IhGEA_OWHOQ/,基坑坍塌事故
安全生产月模板坍塌应急演练,应急明白类课程,,GFE.D.13,14:13,https://v.douyin.com/0HWDWU5_ixQ/,模板倾覆事故
安全生产事故应急演练视频（架体坍塌）,应急明白类课程,,GFE.D.14,03:58,https://v.douyin.com/3KJvBwyQpdI/,支架坍塌事故
安全施工动画-人工挖孔桩作业孔壁坍塌,应急明白类课程,,GFE.D.15,01:23,https://v.douyin.com/-HQucdemovQ/,孔壁坍塌事故
吊车倾覆事故”应急演练,应急明白类课程,,GFE.D.16,11:44,https://v.douyin.com/pOSk8HMfFUE/,设备倾覆事故
安全无小事！边坡坍塌事故应急演练,应急明白类课程,,GFE.D.17,01:33,https://v.douyin.com/mx3GBLjAbzk/,边坡坍塌事故
工地中暑？10秒救急！,应急明白类课程,,GFE.D.18,00:57,https://v.douyin.com/CFf9DHVlQ1g/,中暑急救
心肺复苏，完整演示全过程,应急明白类课程,,GFE.D.19,03:14,https://v.douyin.com/znhERTLzhlo/,心肺复苏
工伤出血救命指南,应急明白类课程,,GFE.D.20,01:14,https://v.douyin.com/A5br3isq-Ds/,止血包扎
交通事故逃生小知识,应急明白类课程,,GFE.D.21,01:25,https://v.douyin.com/8uoSmnxKwRk,车辆伤害事故
叉车伤害应急演练,应急明白类课程,,GFE.D.22,01:32,https://v.douyin.com/UFQKk_6D-fE/,车辆伤害事故
公司组织开展水害事故综合应急救援演练,应急明白类课程,,GFE.D.23,02:13,https://v.douyin.com/rKT7VWvLG4s/,透水事故
逃生演练科普视频——突泥涌水逃生科普,,,GFE.D.24,03:01,https://v.douyin.com/sdZKGY1Xu3M/,透水事故
隧道坍塌逃生科普视频,应急明白类课程,,GFE.D.25,03:54,https://v.douyin.com/3vJ5EMSx-B8/,隧道坍塌事故
安全事故应急处理安全注意事项！,应急明白类课程,,GFE.D.26,01:08,https://v.douyin.com/eguO27iUi6c/,高处坠落事故
人人讲安全，个个会应急,应急明白类课程,,GFE.D.27,02:09,https://v.douyin.com/zMgpn3P-VxY/,物体打击事故
生产事故应急演练,应急明白类课程,,GFE.D.28,02:28,https://v.douyin.com/LKC00B6oLNg/,机械伤害事故
CO中毒事故现场处置方案,应急明白类课程,,GFE.D.29,05:30,https://v.douyin.com/bb8OwdSwcpA/,中毒窒息事故
真人演绎，高温物料烫伤事故现场处置方案！,应急明白类课程,,GFE.D.30,05:20,https://v.douyin.com/y18bXD6HqJs/,灼烫事故
打通水上交通水上作业安全生产“最后一公里”,应急明白类课程,,GFE.D.31,00:44,https://v.douyin.com/Tm3SmNKn94s/,淹溺事故
触电急救模拟操作,应急明白类课程,,GFE.D.32,05:32,https://v.douyin.com/H4cAXgaOBHI/,触电事故
坍塌伤害安全事故救援应急预案,应急明白类课程,,GFE.D.33,05:06,https://v.douyin.com/leLzpwpezjM/,基坑坍塌事故
预防盲目施救——坍塌篇,应急明白类课程,,GFE.D.34,03:10,https://v.douyin.com/yRV7A0jBA84/,模板倾覆事故
脚手架坍塌应急救援现场演练,应急明白类课程,,GFE.D.35,08:48,https://v.douyin.com/VZ-UQqeFT8M/,支架坍塌事故
火灾事故应急处置程序示范片,应急明白类课程,,GFE.D.36,05:04,https://v.douyin.com/ytGvyVmcDZo/,火灾事故
疏密之间-塔吊安装倾覆事件安全警示视频,应急明白类课程,,GFE.D.37,11:44,https://v.douyin.com/Nb_VCGUue7s/,设备倾覆事故
深基坑边坡坍塌救援演练！,应急明白类课程,,GFE.D.38,00:47,https://v.douyin.com/N07zMC2SB7g/,边坡坍塌事故
“救”在你身边——炎炎夏日，发现有人中暑应该怎么办？,应急明白类课程,,GFE.D.39,03:26,https://v.douyin.com/OKkD6N_3j88/,中暑急救
安全与应急科普知识：绷带包扎法,应急明白类课程,,GFE.D.40,02:57,https://v.douyin.com/k6VceJrnHq8/,止血包扎
安全施救——救援实施,应急明白类课程,,GFE.D.41,04:15,https://v.douyin.com/9-8t5z3ANus/,中毒窒息事故
公路工程安全生产事故应急救援演练,应急明白类课程,,GFE.D.42,13:47,https://v.douyin.com/oXHXGp2mvyY/,支架坍塌事故
,,,,,,
,,,,,,
,,,,,,
,,,,,,
,,,,,,
,,,,,,
,,,,,,
,,,,,,
,,,,,,
,,,,,,
,,,,,,
,,,,,,
,,,,,,
