课程名称,课程类别,课程形式,课程编号,课程时长,URL,危险源,,
个人防护用品风险提示卡,风险提示类课程,3D动画,GFC.1.1,04:54,https://www.zhkjdream.com/app/course/detail/157868271_157824008,个人防护作业,,
触电风险提示卡,风险提示类课程,3D动画,GFC.1.2,03:33,https://www.zhkjdream.com/app/course/detail/157875725_157816554,触电作业,,
高处坠落风险提示卡,风险提示类课程,3D动画,GFC.1.3,02:22,https://www.zhkjdream.com/app/course/detail/157875744_157816535,高处坠落作业,,
物体打击风险提示卡,风险提示类课程,3D动画,GFC.1.4,02:39,https://www.zhkjdream.com/app/course/detail/157868299_157823980,物体打击作业,,
机械伤害风险提示卡,风险提示类课程,3D动画,GFC.1.5,02:36,https://www.zhkjdream.com/app/course/detail/157868283_157823996,机械伤害作业,,
起重伤害风险提示卡,风险提示类课程,3D动画,GFC.1.6,03:25,https://www.zhkjdream.com/app/course/detail/157875723_157816556,起重作业,,
车船伤害风险提示卡,风险提示类课程,3D动画,GFC.1.7,01:13,https://www.zhkjdream.com/app/course/detail/157879544_157812735,车船作业,,
基坑开挖风险提示卡,风险提示类课程,3D动画,GFC.1.8,04:06,https://www.zhkjdream.com/app/course/detail/157879539_157812740,基坑开挖作业,,
钢筋制安风险提示卡,风险提示类课程,3D动画,GFC.1.9,03:52,https://www.zhkjdream.com/app/course/detail/157868279_157824000,钢筋制安作业,,
模板搭拆风险提示卡,风险提示类课程,3D动画,GFC.1.10,04:59,https://www.zhkjdream.com/app/course/detail/157868345_157823934,模板搭拆作业,,
支架搭拆风险提示卡,风险提示类课程,3D动画,GFC.1.11,04:03,https://www.zhkjdream.com/app/course/detail/157868263_157824016,支架搭拆作业,,
混凝土浇捣风险提示卡,风险提示类课程,3D动画,GFC.1.12,03:23,https://www.zhkjdream.com/app/course/detail/157868267_157824012,混凝土浇捣作业,,
脚手架作业风险提示卡,风险提示类课程,3D动画,GFC.1.13,04:10,,脚手架作业,,
砌体作业风险提示卡,风险提示类课程,3D动画,GFC.1.14,03:13,https://www.zhkjdream.com/app/course/detail/157876504_157815775,砌体作业,,
临时用电风险提示卡,风险提示类课程,3D动画,GFC.1.15,03:12,https://www.zhkjdream.com/app/course/detail/157875777_157816502,临时用电作业,,
人工挖孔桩施工风险提示卡,风险提示类课程,3D动画,GFC.1.16,04:59,https://www.zhkjdream.com/app/course/detail/157873653_157818626,挖孔桩作业,,
钻孔灌注桩施工风险提示卡,风险提示类课程,3D动画,GFC.1.17,03:36,https://www.zhkjdream.com/app/course/detail/157874955_157817324,钻孔灌注桩作业,,
沉入桩基础施工风险提示卡,风险提示类课程,3D动画,GFC.1.18,02:04,https://www.zhkjdream.com/app/course/detail/157874780_157817499,沉入桩作业,,
电焊风险提示卡,风险提示类课程,3D动画,GFC.1.19,04:30,https://www.zhkjdream.com/app/course/detail/157868833_157823446,电焊作业,,
气割风险提示卡,风险提示类课程,3D动画,GFC.1.20,04:46,https://www.zhkjdream.com/app/course/detail/157868385_157823894,气割作业,,
消防风险提示卡,风险提示类课程,3D动画,GFC.1.21,02:01,https://www.zhkjdream.com/app/course/detail/157876506_157815773,消防作业,,
施工场所风险提示卡,风险提示类课程,3D动画,GFC.1.22,02:26,https://www.zhkjdream.com/app/course/detail/157876500_157815779,施工场所作业,,
特殊天气施工风险提示卡,风险提示类课程,3D动画,GFC.1.23,03:13,https://www.zhkjdream.com/app/course/detail/157876508_157815771,特殊天气作业,,
潜水作业风险提示卡,风险提示类课程,3D动画,GFC.1.24,01:35,,潜水作业,,
跨线作业风险提示卡,风险提示类课程,3D动画,GFC.1.25,02:22,,跨线作业,,
水上作业风险提示卡,风险提示类课程,3D动画,GFC.1.26,01:14,https://www.zhkjdream.com/app/course/detail/157868332_157823947,水上作业,,
夜间作业风险提示卡,风险提示类课程,3D动画,GFC.1.27,00:54,https://www.zhkjdream.com/app/course/detail/157876496_157815783,夜间作业,,
有限空间风险提示卡,风险提示类课程,3D动画,GFC.1.28,01:48,https://www.zhkjdream.com/app/course/detail/157876494_157815785,有限空间作业,,
危险品储存运输风险提示卡,风险提示类课程,3D动画,GFC.1.29,01:32,https://www.zhkjdream.com/app/course/detail/157876492_157815787,危险品储存运输作业,,
陆上爆破作业风险提示卡,风险提示类课程,3D动画,GFC.1.30,03:35,https://www.zhkjdream.com/app/course/detail/157868346_157823933,陆上爆破作业,,
水下爆破风险提示卡,风险提示类课程,3D动画,GFC.1.31,02:30,,水下爆破作业,,
施工标志标牌风险提示卡,风险提示类课程,3D动画,GFC.1.32,00:49,https://www.zhkjdream.com/app/course/detail/157876502_157815777,施工标志标牌作业,,
自卸汽车作业风险提示卡,风险提示类课程,3D动画,GFC.1.33,05:25,https://www.zhkjdream.com/app/course/detail/157875933_157816346,自卸汽车作业,,
挖掘机作业风险提示卡,风险提示类课程,3D动画,GFC.1.34,05:55,https://www.zhkjdream.com/app/course/detail/157875936_157816343,挖掘机作业,,
装载机作业风险提示卡,风险提示类课程,3D动画,GFC.1.35,07:05,https://www.zhkjdream.com/app/course/detail/157875944_157816335,装载机作业,,
推土机作业风险提示卡,风险提示类课程,3D动画,GFC.1.36,06:39,https://www.zhkjdream.com/app/course/detail/157875939_157816340,推土机作业,,
压路机作业风险提示卡,风险提示类课程,3D动画,GFC.1.37,04:00,,压路机作业,,
平地机作业风险提示卡,风险提示类课程,3D动画,GFC.1.38,04:11,https://www.zhkjdream.com/app/course/detail/157875931_157816348,平地机作业,,
混凝土泵车作业风险提示卡,风险提示类课程,3D动画,GFC.1.39,04:07,https://www.zhkjdream.com/app/course/detail/157875945_157816334,混凝土泵车作业,,
混凝土输送泵作业风险提示卡,风险提示类课程,3D动画,GFC.1.40,02:42,https://www.zhkjdream.com/app/course/detail/157877580_157814699,混凝土输送泵作业,,
汽车起重机作业风险提示卡,风险提示类课程,3D动画,GFC.1.41,00:40,https://www.zhkjdream.com/app/course/detail/157875690_157816589,汽车起重机作业,,
小型机具作业风险提示卡,风险提示类课程,3D动画,GFC.1.42,02:51,,小型机具作业,,
手扶式振动碾风险提示卡,风险提示类课程,3D动画,GFC.1.43,03:09,,手扶式振动碾作业,,
搅拌机作业风险提示卡,风险提示类课程,3D动画,GFC.1.44,03:24,https://www.zhkjdream.com/app/course/detail/157875942_157816337,搅拌机作业,,
钢筋弯曲机作业风险提示卡,风险提示类课程,3D动画,GFC.1.45,03:00,,钢筋弯曲机作业,,
钢筋调直机作业风险提示卡,风险提示类课程,3D动画,GFC.1.46,02:00,,钢筋调直机作业,,
钢筋切断机作业风险提示卡,风险提示类课程,3D动画,GFC.1.47,02:41,,钢筋切断机作业,,
插入式振捣器作业风险提示卡,风险提示类课程,3D动画,GFC.1.48,02:44,https://www.zhkjdream.com/app/course/detail/157875947_157816332,插入式振捣器作业,,
塔吊作业风险提示卡,风险提示类课程,3D动画,GFC.1.49,03:45,,塔吊作业,,
门式起重机作业风险提示卡,风险提示类课程,3D动画,GFC.1.50,01:55,,门式起重机作业,,
施工升降机作业风险提示卡,风险提示类课程,3D动画,GFC.1.51,03:20,,施工升降机作业,,
架桥机作业风险提示卡,风险提示类课程,3D动画,GFC.1.52,02:04,,架桥机作业,,
浮吊作业风险提示卡,风险提示类课程,3D动画,GFC.1.53,01:23,,浮吊作业,,
爬模施工风险提示卡,风险提示类课程,3D动画,GFC.1.54,03:12,https://www.zhkjdream.com/app/course/detail/157868875_157823404,爬模作业,,
翻模施工风险提示卡,风险提示类课程,3D动画,GFC.1.55,03:13,https://www.zhkjdream.com/app/course/detail/157873757_157818522,翻模作业,,
悬臂模板施工风险提示卡,风险提示类课程,3D动画,GFC.1.56,02:01,,悬臂模板作业,,
挂篮施工风险提示卡,风险提示类课程,3D动画,GFC.1.58,02:52,https://www.zhkjdream.com/app/course/detail/157871666_157820613,挂篮作业,,
钢管柱及贝雷架施工风险提示卡,风险提示类课程,3D动画,GFC.1.59,01:13,,钢管柱及贝雷架作业,,
钢栈桥、钢平台施工风险提示卡,风险提示类课程,3D动画,GFC.1.60,01:46,,钢栈桥、钢平台作业,,
办公区、生活区风险提示卡,风险提示类课程,3D动画,GFC.1.61,02:25,,办公区、生活区作业,,
拌合厂风险提示卡,风险提示类课程,3D动画,GFC.1.62,02:20,https://www.zhkjdream.com/app/course/detail/157876498_157815781,拌合厂作业,,
钢筋加工厂风险提示卡,风险提示类课程,3D动画,GFC.1.63,01:06,https://www.zhkjdream.com/app/course/detail/157876512_157815767,钢筋加工厂作业,,
预制厂风险提示卡,风险提示类课程,3D动画,GFC.1.64,01:59,,预制厂作业,,
构造物拆除风险提示卡,风险提示类课程,3D动画,GFC.2.1,05:08,,构造物拆除作业,,
砍伐树木作业风险提示卡,风险提示类课程,3D动画,GFC.2.2,02:56,,砍伐树木作业,,
取土场风险提示卡,风险提示类课程,3D动画,GFC.2.3,02:57,,取土场作业,,
土方开挖风险提示卡,风险提示类课程,3D动画,GFC.2.4,03:24,https://www.zhkjdream.com/app/course/detail/157869202_157823077,土方开挖作业,,
石方爆破风险提示卡,风险提示类课程,3D动画,GFC.2.5,03:05,,石方爆破作业,,
路基排水施工风险提示卡,风险提示类课程,3D动画,GFC.2.6,03:23,,排水沟砌筑作业,,
土石方填筑风险提示卡,风险提示类课程,3D动画,GFC.2.7,03:37,,土石方填筑作业,,
护坡与挡土墙施工风险提示卡,风险提示类课程,3D动画,GFC.2.8,03:54,https://www.zhkjdream.com/app/course/detail/157879545_157812734,护坡与挡土墙作业,,
锚杆（索）框架梁风险提示卡,风险提示类课程,3D动画,GFC.2.9,04:23,https://www.zhkjdream.com/app/course/detail/157868367_157823912,锚杆（索）框架梁作业,,
大型挡土墙、组合式挡土墙施工风险提示卡,风险提示类课程,3D动画,GFC.2.10,01:51,,墙体作业,,
强夯施工风险提示卡,风险提示类课程,3D动画,GFC.2.11,02:59,https://www.zhkjdream.com/app/course/detail/157868166_157824113,强夯作业,,
砂石换填施工风险提示卡,风险提示类课程,3D动画,GFC.2.12,03:21,https://www.zhkjdream.com/app/course/detail/157874723_157817556,砂石换填作业,,
抛石挤淤施工风险提示卡,风险提示类课程,3D动画,GFC.2.13,01:21,,抛石挤淤作业,,
碎石桩施工风险提示卡,风险提示类课程,3D动画,GFC.2.14,01:55,,碎石桩作业,,
CFG桩施工风险提示卡,风险提示类课程,3D动画,GFC.2.15,01:58,,CFG桩作业,,
路基拓宽施工风险提示卡,风险提示类课程,3D动画,GFC.2.23,04:09,,路基拓宽作业,,
涵洞接长施工风险提示卡,风险提示类课程,3D动画,GFC.2.24,02:17,,涵洞接长作业,,
稳定土拌合风险提示卡,风险提示类课程,3D动画,GFC.3.1,02:40,https://www.zhkjdream.com/app/course/detail/157875928_157816351,稳定土拌合作业,,
沥青砼拌合风险提示卡,风险提示类课程,3D动画,GFC.3.2,03:04,,沥青砼拌合作业,,
透层、粘层沥青洒布风险提示卡,风险提示类课程,3D动画,GFC.3.3,01:48,https://www.zhkjdream.com/app/course/detail/157875776_157816503,透层、粘层沥青洒布作业,,
运输摊铺碾压风险提示卡,风险提示类课程,3D动画,GFC.3.4,03:32,,摊铺碾压作业,,
钢板（管）桩施工风险提示卡,风险提示类课程,3D动画,GFC.4.1,03:56,,钢板（管）桩作业,,
钢围堰施工品风险提示卡,风险提示类课程,3D动画,GFC.4.3,01:45,https://www.zhkjdream.com/app/course/detail/157868362_157823917,钢围堰作业,,
承台施工风险提示卡,风险提示类课程,3D动画,GFC.4.4,01:19,https://www.zhkjdream.com/app/course/detail/157868295_157823984,承台作业,,
桥墩、桥台施工风险提示卡,风险提示类课程,3D动画,GFC.4.5,04:30,,桥墩、桥台作业,,
盖梁施工风险提示卡,风险提示类课程,3D动画,GFC.4.6,01:15,,盖梁作业,,
梁板预制风险提示卡,风险提示类课程,3D动画,GFC.4.8,02:10,https://www.zhkjdream.com/app/course/detail/157868331_157823948,梁板预制作业,,
梁板架设风险提示卡,风险提示类课程,3D动画,GFC.4.9,04:28,https://www.zhkjdream.com/app/course/detail/157868302_157823977,梁板架设作业,,
预应力张拉风险提示卡,风险提示类课程,3D动画,GFC.4.10,02:21,https://www.zhkjdream.com/app/course/detail/157868365_157823914,预应力筋张拉作业,,
预应力压浆风险提示卡,风险提示类课程,3D动画,GFC.4.11,01:34,https://www.zhkjdream.com/app/course/detail/157868199_157824080,预应力压浆作业,,
悬臂拼装风险提示卡,风险提示类课程,3D动画,GFC.4.12,02:11,https://www.zhkjdream.com/app/course/detail/157873599_157818680,悬臂拼装作业,,
悬臂浇筑施工施工风险提示卡,风险提示类课程,3D动画,GFC.4.15,01:43,https://www.zhkjdream.com/app/course/detail/157873599_157818680,悬臂浇筑作业,,
支架现浇梁施工风险提示卡,风险提示类课程,3D动画,GFC.4.16,01:46,https://www.zhkjdream.com/app/course/detail/157868263_157824016,支架现浇梁作业,,
桥面及附属工程施工风险提示卡,风险提示类课程,3D动画,GFC.4.18,03:19,https://www.zhkjdream.com/app/course/detail/157868170_157824109,桥面及附属工程作业,,
混凝土索塔施工风险提示卡,风险提示类课程,3D动画,GFC.4.19,03:25,https://www.zhkjdream.com/app/course/detail/157873744_157818535,混凝土索塔作业,,
斜拉桥主梁施工风险提示卡,风险提示类课程,3D动画,GFC.4.20,03:15,,主梁作业,,
斜拉桥斜拉索施工风险提示卡,风险提示类课程,3D动画,GFC.4.21,04:14,,斜拉索作业,,
悬索桥锚碇施工风险提示卡,风险提示类课程,3D动画,GFC.4.22,01:35,,锚碇作业,,
悬索桥索鞍施工风险提示卡,风险提示类课程,3D动画,GFC.4.23,02:15,,索鞍作业,,
悬索桥猫道风险提示卡,风险提示类课程,3D动画,GFC.4.24,03:00,,猫道作业,,
悬索桥主缆施工风险提示卡,风险提示类课程,3D动画,GFC.4.25,02:20,,主缆作业,,
悬索桥加劲梁施工风险提示卡,风险提示类课程,3D动画,GFC.4.27,02:09,,加劲梁作业,,
桥梁拼宽风险提示卡,风险提示类课程,3D动画,GFC.4.34,02:50,,桥梁拼宽作业,,
旧桥拆除风险提示卡,风险提示类课程,3D动画,GFC.4.35,02:58,,旧桥拆除作业,,
洞口风险提示卡,风险提示类课程,3D动画,GFC.5.1,02:54,https://www.zhkjdream.com/app/course/detail/157868137_157824142,洞门墙作业,,
洞口风险提示卡2,风险提示类课程,3D动画,GFC.5.1,02:54,https://www.zhkjdream.com/app/course/detail/157868137_157824142,边仰坡开挖与截水天沟施作作业,,
明洞工程施工风险提示卡,风险提示类课程,3D动画,GFC.5.2,01:21,https://www.zhkjdream.com/app/course/detail/157868136_157824143,明洞作业,,
管棚施工隧道风险提示卡,风险提示类课程,3D动画,GFC.5.3,02:17,https://www.zhkjdream.com/app/course/detail/157868136_157824143,管棚作业,,
洞身开挖风险提示卡,风险提示类课程,3D动画,GFC.5.4,05:17,https://www.zhkjdream.com/app/course/detail/157868304_157823975,洞身开挖作业,,
隧道爆破风险提示卡,风险提示类课程,3D动画,GFC.5.5,04:37,https://www.zhkjdream.com/app/course/detail/157868346_157823933,隧道爆破作业,,
锚杆施工风险提示卡,风险提示类课程,3D动画,GFC.5.6,01:41,https://www.zhkjdream.com/app/course/detail/157873822_157818457,锚杆支护作业,,
钢筋网施工风险提示卡,风险提示类课程,3D动画,GFC.5.7,01:02,https://www.zhkjdream.com/app/course/detail/157868181_157824098,钢筋网作业,,
钢拱架施工风险提示卡,风险提示类课程,3D动画,GFC.5.8,02:23,https://www.zhkjdream.com/app/course/detail/157879542_157812737,拱架作业,,
喷射混凝土施工风险提示卡,风险提示类课程,3D动画,GFC.5.9,03:18,https://www.zhkjdream.com/app/course/detail/157869273_157823006,喷射混凝土作业,,
防排水施工风险提示卡,风险提示类课程,3D动画,GFC.5.10,04:13,https://www.zhkjdream.com/app/course/detail/157868309_157823970,防水层铺设作业,,
衬砌钢筋施工风险提示卡,风险提示类课程,3D动画,GFC.5.11,03:08,https://www.zhkjdream.com/app/course/detail/157868180_157824099,衬砌钢筋作业,,
衬砌混凝土施工风险提示卡,风险提示类课程,3D动画,GFC.5.12,02:01,https://www.zhkjdream.com/app/course/detail/157874605_157817674,衬砌混凝土作业,,
装渣运输风险提示卡,风险提示类课程,3D动画,GFC.5.14,04:04,https://www.zhkjdream.com/app/course/detail/157868102_157824177,装渣运输作业,,
施工通风风险提示卡,风险提示类课程,3D动画,GFC.5.15,01:18,https://www.zhkjdream.com/app/course/detail/157868652_157823627,施工通风作业,,
仰拱、铺底施工风险提示卡,风险提示类课程,3D动画,GFC.5.16,02:19,https://www.zhkjdream.com/app/course/detail/157868108_157824171,仰供、铺底作业,,
交安工程施工风险提示卡,风险提示类课程,3D动画,GFC.6.1,02:00,https://www.zhkjdream.com/app/course/detail/157875946_157816333,交安工程作业,,
护栏施工风险提示卡,风险提示类课程,3D动画,GFC.6.2,01:53,https://www.zhkjdream.com/app/course/detail/157869108_157823171,护栏作业,,
交通标线施工风险提示卡,风险提示类课程,3D动画,GFC.6.3,01:06,https://www.zhkjdream.com/app/course/detail/157869156_157823123,交通标线作业,,
交通标志施工风险提示卡,风险提示类课程,3D动画,GFC.6.4,02:11,https://www.zhkjdream.com/app/course/detail/157869156_157823123,交通标志作业,,
隔离栅、防落网施工风险提示卡,风险提示类课程,3D动画,GFC.6.5,01:52,,隔离栅、防落网作业,,
防眩设施施工风险提示卡,风险提示类课程,3D动画,GFC.6.6,00:49,,防眩设施作业,,
地基与基础工程风险提示卡,风险提示类课程,3D动画,GFC.7.1,01:26,https://www.zhkjdream.com/app/course/detail/157873692_157818587,地基与基础工程作业,,
主体结构工程风险提示卡,风险提示类课程,3D动画,GFC.7.2,03:39,,主体结构作业,,
安全生产事故警示及预防-挖掘机事故,风险提示类课程,,GFC.B.1,02:21,https://www.bilibili.com/video/BV1dj1dYBE8z?spm_id_from=333.788.recommend_more_video.4&trackid=web_related_0.router-related-2589621-4d422.1779436491973.808&vd_source=8042ec89c63c1e56847a32ea9b47b7a8,机械伤害作业,,
安全生产事故警示及预防-建筑工地中暑,风险提示类课程,,GFC.B.2,02:10,https://www.bilibili.com/video/BV1dj1dYBEFP?spm_id_from=333.788.videopod.sections&vd_source=8042ec89c63c1e56847a32ea9b47b7a8,特殊天气作业,,
安全生产事故警示及预防-物体打击事故,风险提示类课程,,GFC.B.3,02:41,https://www.bilibili.com/video/BV1Gy1RYhEFj?spm_id_from=333.788.videopod.sections&vd_source=8042ec89c63c1e56847a32ea9b47b7a8,物体打击作业,,
高处作业安全培训和应急演练,风险提示类课程,,GFC.B.4,08:31,https://www.bilibili.com/video/BV1cA411m7Rf?spm_id_from=333.788.videopod.sections&vd_source=8042ec89c63c1e56847a32ea9b47b7a8,高处坠落作业,,
吊装作业安全培训（高清）,风险提示类课程,,GFC.B.5,13:29,https://www.bilibili.com/video/BV1mv411e7iL?spm_id_from=333.788.videopod.sections&vd_source=8042ec89c63c1e56847a32ea9b47b7a8,起重作业,,
高处作业安全培训（高清）,风险提示类课程,,GFC.B.6,13:16,https://www.bilibili.com/video/BV16N411R7KJ?spm_id_from=333.788.videopod.sections&vd_source=8042ec89c63c1e56847a32ea9b47b7a8,高处坠落作业,,
施工临时用电培训（超清）,风险提示类课程,,GFC.B.7,20:50,https://www.bilibili.com/video/BV17o4y1d7TD?spm_id_from=333.788.videopod.sections&vd_source=8042ec89c63c1e56847a32ea9b47b7a8,临时用电作业,,
物体打击安全警示教育片,风险提示类课程,,GFC.B.8,08:45,https://www.bilibili.com/video/BV1RU4y1N7h3?spm_id_from=333.788.videopod.sections&vd_source=8042ec89c63c1e56847a32ea9b47b7a8,物体打击作业,,
重大件吊装安全教育警示片,风险提示类课程,,GFC.B.9,09:09,https://www.bilibili.com/video/BV1Z44y1h776?spm_id_from=333.788.videopod.sections&vd_source=8042ec89c63c1e56847a32ea9b47b7a8,起重作业,,
安全警示教育片《机械伤害》,风险提示类课程,,GFC.B.10,08:34,https://tv.aqrzj.com/shigu/278.html,机械伤害作业,,
有限空间作业事故警示教育片,风险提示类课程,,GFC.B.11,13:36,https://tv.aqrzj.com/shigu/33.html,有限空间作业,,
雨季施工要注意哪五方面要点？,风险提示类课程,,GFC.B.12,02:14,https://www.bilibili.com/video/BV18pMSzFEmA/?spm_id_from=333.337.search-card.all.click&vd_source=8042ec89c63c1e56847a32ea9b47b7a8,特殊天气作业,,
铁路营业线施工违规作业行为警示,风险提示类课程,,GFC.B.13,03:21,https://www.bilibili.com/video/BV12uoyB5Eht/?spm_id_from=333.337.search-card.all.click&vd_source=8042ec89c63c1e56847a32ea9b47b7a8,涉铁作业,,
软土地基处理塑料排水板工艺,风险提示类课程,,GFC.B.14,02:35,https://www.bilibili.com/video/BV1UE411i7xw/?spm_id_from=333.337.search-card.all.click&vd_source=8042ec89c63c1e56847a32ea9b47b7a8,塑料排水板作业,,
滑坡的预防与应对,风险提示类课程,,GFC.B.15,01:42,https://www.bilibili.com/video/BV1WkmmYiEeE/?spm_id_from=333.337.search-card.all.click&vd_source=8042ec89c63c1e56847a32ea9b47b7a8,滑坡治理作业,,
涵洞施工全过程动画,风险提示类课程,,GFC.B.16,03:58,https://www.bilibili.com/video/BV12v4y197UU/?spm_id_from=333.337.search-card.all.click&vd_source=8042ec89c63c1e56847a32ea9b47b7a8,涵洞作业,,
路基施工全过程,风险提示类课程,,GFC.B.17,28:45,https://www.bilibili.com/video/BV19b4y1P7Dp/?spm_id_from=333.337.search-card.all.click&vd_source=8042ec89c63c1e56847a32ea9b47b7a8,路基作业,,
水下围堰施工原理与过程,风险提示类课程,,GFC.B.18,09:07,https://www.bilibili.com/video/BV1ixLxzxEBu/?spm_id_from=333.337.search-card.all.click&vd_source=8042ec89c63c1e56847a32ea9b47b7a8,筑岛围堰作业,,
高空作业注意事项,风险提示类课程,,GFC.D.1,00:54,https://v.douyin.com/BKzKWo_5f0E/,高处坠落作业,,
基坑作业警示教育,风险提示类课程,,GFC.D.2,00:45,https://v.douyin.com/AOPRqZNgPXU/,基坑开挖作业,,
安全生产事故警示及预防-钢筋工事故,风险提示类课程,,GFC.D.3,02:35,https://v.douyin.com/PmMCcljuISM/,钢筋制安作业,,
振捣器安全使用规范安全技术交底,风险提示类课程,,GFC.D.4,00:56,https://v.douyin.com/uDOsjdLt6hI/,混凝土浇捣作业,,
浅析砌筑工程作业安全要求,风险提示类课程,,GFC.D.5,02:39,https://v.douyin.com/c8mCjSiUUWM/,砌体作业,,
临时用电作业安全培训,风险提示类课程,,GFC.D.6,11:15,https://v.douyin.com/2s7_AGkRUrQ/,临时用电作业,,
钻孔灌注桩施工安全风险分析,风险提示类课程,,GFC.D.7,01:16,https://v.douyin.com/Sy4VaAwO9Sw/,钻孔灌注桩作业,,
沉入桩施工安全控制要点,风险提示类课程,,GFC.D.8,01:24,https://v.douyin.com/AxqZk8TRMRw/,沉入桩作业,,
电气焊安全作业知识,风险提示类课程,,GFC.D.9,04:43,https://v.douyin.com/prty-vJ-EbQ/,电焊作业,,
切割作业安全施工规范技术交底,风险提示类课程,,GFC.D.10,00:49,https://v.douyin.com/QgIeWaHz3MQ/,气割作业,,
水下作业安全规定,风险提示类课程,,GFC.D.11,01:17,https://v.douyin.com/gYS_qXrdvBA/,潜水作业,,
水上施工安全控制要点,风险提示类课程,,GFC.D.12,00:57,https://v.douyin.com/OoI5lHGxDvs/,水上作业,,
夜间施工注意事项,风险提示类课程,,GFC.D.13,02:33,https://v.douyin.com/VuUighBs52I/,夜间作业,,
危险化学品安全警示片,风险提示类课程,,GFC.D.14,09:36,https://v.douyin.com/B0Hxuxvpq5U/,危险品储存运输作业,,
自卸车这些操作你都做对了吗？,风险提示类课程,,GFC.D.15,01:22,https://v.douyin.com/83-yQZ96eWE/,自卸汽车作业,,
挖掘机安全操作警示动画,风险提示类课程,,GFC.D.16,02:09,https://v.douyin.com/ZUPwvGzx_PY/,挖掘机作业,,
装载机安全注意事项指导,风险提示类课程,,GFC.D.17,05:00,https://v.douyin.com/4U5Yb5oGAFY/,装载机作业,,
压路机施工安全指南！安心“小贴士”,风险提示类课程,,GFC.D.18,00:48,https://v.douyin.com/5kss8AH-Drc/,压路机作业,,
混凝土输送泵使用规范,风险提示类课程,,GFC.D.19,04:11,https://v.douyin.com/id7NjVMzJDk/,混凝土输送泵作业,,
汽车吊吊装安全管控要点,风险提示类课程,,GFC.D.20,02:26,https://v.douyin.com/t5dWtwZ7lVc/,汽车起重机作业,,
钢筋弯曲机存在隐患及规范要求,风险提示类课程,,GFC.D.21,00:20,https://v.douyin.com/SoeiU0asLQo/,钢筋弯曲机作业,,
企业安全技术交底之防机械伤害篇—钢筋切断机安全操作交底,风险提示类课程,,GFC.D.22,00:54,https://v.douyin.com/NXGiLHOzEGE/,钢筋切断机作业,,
振捣器安全操作要点,风险提示类课程,,GFC.D.23,01:33,https://v.douyin.com/PIBDssIJZOI/,插入式振捣器作业,,
塔吊施工安全检查,风险提示类课程,,GFC.D.24,08:11,https://v.douyin.com/a6wNqswAc_U/,塔吊作业,,
安全隐患排查施工升降机,风险提示类课程,,GFC.D.25,06:11,https://v.douyin.com/ozF1315MZp8/,施工升降机作业,,
土方开挖作业安全注意事项,风险提示类课程,,GFC.D.26,02:07,https://v.douyin.com/wQyht2NUWkw/,土方开挖作业,,
石方爆破中爆破有害效应的控制,风险提示类课程,,GFC.D.27,01:52,https://v.douyin.com/46Fy-6C09Bc/,石方爆破作业,,
各种路基土石方施工安全培训,风险提示类课程,,GFC.D.28,19:52,https://v.douyin.com/u9hJkrwuq0s/,土石方填筑作业,,
建筑施工抹灰作业危害防控,风险提示类课程,,GFC.D.29,06:34,https://v.douyin.com/VY-2rAXBlzo/,墙体作业,,
强夯施工的安全注意事项有哪些,风险提示类课程,,GFC.D.30,00:46,https://v.douyin.com/H_iZYz90YdM/,强夯作业,,
抛石挤淤处理软基的重难点分析与对策措施,风险提示类课程,,GFC.D.31,03:02,https://v.douyin.com/cWVlTqsifv8/,抛石挤淤作业,,
路基施工安全注意事项,风险提示类课程,,GFC.D.32,00:40,https://v.douyin.com/WPjgZO7cuwU/,路基作业,,
隧道洞门工程3个坑,风险提示类课程,,GFC.D.33,01:46,https://v.douyin.com/BVMBQ23024I/,洞门墙作业,,
管棚支护加固3个坑,风险提示类课程,,GFC.D.34,02:01,https://v.douyin.com/kFX6aYjMo0U/,管棚作业,,
隧道施工爆破作业3个坑,风险提示类课程,,GFC.D.35,02:35,https://v.douyin.com/GyJpo5JXXNo/,隧道爆破作业,,
喷射混凝土回弹与粉尘3个坑,风险提示类课程,,GFC.D.36,02:06,https://v.douyin.com/h3M4NtEWfEE/,喷射混凝土作业,,
隧道防水板施工需注意事项,风险提示类课程,,GFC.D.37,00:27,https://v.douyin.com/XMh3bSMTKUo/,防水层铺设作业,,
矿山隧道混凝土衬砌混凝土施工,风险提示类课程,,GFC.D.38,01:02,https://v.douyin.com/AFWVFxULxrI/,衬砌混凝土作业,,
隧道施工通风排烟3个坑,风险提示类课程,,GFC.D.39,01:42,https://v.douyin.com/8r4aEPWDbDg/,施工通风作业,,
仰拱作业地段安全隐患排查要点,风险提示类课程,,GFC.D.40,00:18,https://v.douyin.com/lWgBLcj1m8o/,仰供、铺底作业,,
预防瓦斯爆炸的3个方法,风险提示类课程,,GFC.D.41,01:12,https://v.douyin.com/I7jTcAzcv_4/,瓦斯隧道开挖作业,,
临时安全护栏施工,风险提示类课程,,GFC.D.42,03:53,https://v.douyin.com/FT0T30tJUak/,护栏作业,,
木工安全教育培训,风险提示类课程,,GFC.D.43,04:09,https://v.douyin.com/Tr4vFI_aCSU/,模板搭拆作业,,
安全警示片：（安全培训）起重吊装安全须知,风险提示类课程,,GFC.D.44,11:33,https://v.douyin.com/dNIcGkO0Gpo/,汽车起重机作业,,
工程人都懂的担忧，开压路机怎样保障安全？,风险提示类课程,,GFC.D.45,01:29,https://v.douyin.com/vClHMMoPM_0/,压路机作业,,
平地机的用途及安全操作规范,风险提示类课程,,GFC.D.46,02:26,https://v.douyin.com/SJm_f9JGo74/,平地机作业,,
登高车常见事故隐患预防措施,风险提示类课程,,GFC.D.47,01:57,https://v.douyin.com/bPSTuma5NM0/,施工升降机作业,,
施工现场淹溺伤害事故预防,风险提示类课程,,GFC.D.48,02:24,https://v.douyin.com/y_YE38gr8kA/,水上作业,,
